java basics topics , 0.032456708092889926
java programs , 0.016228354046444963
vector object , 0.013408972181997663
independent byte code , 0.012624960240186927
java class library , 0.012325170874903209
applet , 0.011510756588996203
native methods , 0.011358242039712814
java applications , 0.010818902697629975
integer int , 0.010359875694183509
button b , 0.009636294341784762
c , 0.00933870596445255
java language , 0.008114177023222481
array bounds , 0.007917937730423444
public class , 0.007761407178304166
data type , 0.007629855811739834
new button , 0.007368441250535995
button object , 0.006704486090998832
java , 0.006491341618577985
test comments , 0.006478901394387106
byte code , 0.0063124801200934635
